surface ,tourney_level ,player_id ,opponent_id ,best_of ,round ,rank_diff ,points_diff ,age_diff ,win_loss ,h2h_diff ,player_elo_before ,opponent_elo_before
    2.0 ,            6 ,   206173 ,     208134 ,      5 ,    1 ,93.0      ,9.1877      ,2.0      ,       1 ,0        ,       1676.49718 ,          933.49841
    2.0 ,            6 ,   208134 ,     206173 ,      5 ,    1 ,-93.0     ,-9.1877     ,-2.0     ,       0 ,0        ,        933.49841 ,         1676.49718
    2.0 ,            6 ,   202358 ,     126846 ,      5 ,    1 ,-16.0     ,-4.7095     ,-6.0     ,       1 ,0        ,        880.49861 ,         1134.36062
    2.0 ,            6 ,   126846 ,     202358 ,      5 ,    1 ,16.0      ,4.7095      ,6.0      ,       0 ,0        ,       1134.36062 ,          880.49861
    2.0 ,            6 ,   124079 ,     207785 ,      5 ,    1 ,250.0     ,6.7558      ,4.0      ,       1 ,0        ,       1011.54503 ,          996.70748
    2.0 ,            6 ,   207785 ,     124079 ,      5 ,    1 ,-250.0    ,-6.7558     ,-4.0     ,       0 ,0        ,        996.70748 ,         1011.54503
    2.0 ,            6 ,   208363 ,     133430 ,      5 ,    1 ,-62.0     ,-6.9147     ,-2.0     ,       1 ,0        ,       1027.42453 ,         1228.61962
    2.0 ,            6 ,   133430 ,     208363 ,      5 ,    1 ,62.0      ,6.9147      ,2.0      ,       0 ,0        ,       1228.61962 ,         1027.42453
    2.0 ,            6 ,   105777 ,     106415 ,      5 ,    1 ,57.0      ,7.2218      ,5.0      ,       1 ,3        ,       1348.90298 ,         1159.43438
    2.0 ,            6 ,   106415 ,     105777 ,      5 ,    1 ,-57.0     ,-7.2218     ,-5.0     ,       0 ,-3       ,       1159.43438 ,         1348.90298
    2.0 ,            6 ,   207681 ,     144895 ,      5 ,    1 ,18.0      ,5.1705      ,-2.0     ,       1 ,0        ,       1030.85926 ,         1069.54169
    2.0 ,            6 ,   144895 ,     207681 ,      5 ,    1 ,-18.0     ,-5.1705     ,2.0      ,       0 ,0        ,       1069.54169 ,         1030.85926
    2.0 ,            6 ,   124116 ,     209098 ,      5 ,    1 ,-42.0     ,-5.8464     ,8.0      ,       1 ,0        ,       1063.40156 ,         1151.24838
    2.0 ,            6 ,   209098 ,     124116 ,      5 ,    1 ,42.0      ,5.8464      ,-8.0     ,       0 ,0        ,       1151.24838 ,         1063.40156
    2.0 ,            6 ,   999999 ,     126205 ,      5 ,    1 ,-223.0    ,-7.9113     ,-5.0     ,       1 ,0        ,       1000.0     ,         1308.74367
    2.0 ,            6 ,   126205 ,     999999 ,      5 ,    1 ,223.0     ,7.9113      ,5.0      ,       0 ,0        ,       1308.74367 ,         1000.0
    2.0 ,            6 ,   210097 ,     106109 ,      5 ,    1 ,171.0     ,7.9593      ,-10.0    ,       1 ,0        ,       1255.77633 ,         1037.18666
    2.0 ,            6 ,   106109 ,     210097 ,      5 ,    1 ,-171.0    ,-7.9593     ,10.0     ,       0 ,0        ,       1037.18666 ,         1255.77633
    2.0 ,            6 ,   208014 ,     105676 ,      5 ,    1 ,-25.0     ,-5.4337     ,-10.0    ,       1 ,-1       ,       1077.3466  ,         1196.65967
    2.0 ,            6 ,   105676 ,     208014 ,      5 ,    1 ,25.0      ,5.4337      ,10.0     ,       0 ,1        ,       1196.65967 ,         1077.3466
    2.0 ,            6 ,   206499 ,     105916 ,      5 ,    1 ,26.0      ,5.4638      ,-7.0     ,       1 ,0        ,        976.35703 ,         1124.52205
    2.0 ,            6 ,   105916 ,     206499 ,      5 ,    1 ,-26.0     ,-5.4638     ,7.0      ,       0 ,0        ,       1124.52205 ,          976.35703
    2.0 ,            6 ,   104792 ,     200005 ,      5 ,    1 ,-22.0     ,-6.8363     ,12.0     ,       1 ,-1       ,       1239.07295 ,         1295.69287
    2.0 ,            6 ,   200005 ,     104792 ,      5 ,    1 ,22.0      ,6.8363      ,-12.0    ,       0 ,1        ,       1295.69287 ,         1239.07295
    2.0 ,            6 ,   206909 ,     207352 ,      5 ,    1 ,37.0      ,6.6554      ,0.0      ,       1 ,0        ,       1195.57062 ,         1112.90128
    2.0 ,            6 ,   207352 ,     206909 ,      5 ,    1 ,-37.0     ,-6.6554     ,-0.0     ,       0 ,0        ,       1112.90128 ,         1195.57062
    2.0 ,            6 ,   207686 ,     124187 ,      5 ,    1 ,-25.0     ,-5.4116     ,-3.0     ,       1 ,0        ,       1068.87838 ,         1111.47999
    2.0 ,            6 ,   124187 ,     207686 ,      5 ,    1 ,25.0      ,5.4116      ,3.0      ,       0 ,0        ,       1111.47999 ,         1068.87838
    2.0 ,            6 ,   210262 ,     132283 ,      5 ,    1 ,-69.0     ,-6.5058     ,-9.0     ,       1 ,0        ,        969.32536 ,         1095.83289
    2.0 ,            6 ,   132283 ,     210262 ,      5 ,    1 ,69.0      ,6.5058      ,9.0      ,       0 ,0        ,       1095.83289 ,          969.32536
    2.0 ,            6 ,   105932 ,     207518 ,      5 ,    1 ,-121.0    ,-8.2071     ,10.0     ,       1 ,0        ,        956.63088 ,         1261.52362
    2.0 ,            6 ,   207518 ,     105932 ,      5 ,    1 ,121.0     ,8.2071      ,-10.0    ,       0 ,0        ,       1261.52362 ,          956.63088
    2.0 ,            6 ,   207733 ,     202104 ,      5 ,    1 ,34.0      ,8.0959      ,-1.0     ,       1 ,2        ,       1338.48761 ,         1091.44582
    2.0 ,            6 ,   202104 ,     207733 ,      5 ,    1 ,-34.0     ,-8.0959     ,1.0      ,       0 ,-2       ,       1091.44582 ,         1338.48761
    2.0 ,            6 ,   209920 ,     105227 ,      5 ,    1 ,-2.0      ,-2.8904     ,-13.0    ,       1 ,0        ,        982.37073 ,         1144.11096
    2.0 ,            6 ,   105227 ,     209920 ,      5 ,    1 ,2.0       ,2.8904      ,13.0     ,       0 ,0        ,       1144.11096 ,          982.37073
    2.0 ,            6 ,   210317 ,     206681 ,      5 ,    1 ,-119.0    ,-6.5177     ,-4.0     ,       1 ,0        ,        962.00738 ,         1091.76788
    2.0 ,            6 ,   206681 ,     210317 ,      5 ,    1 ,119.0     ,6.5177      ,4.0      ,       0 ,0        ,       1091.76788 ,          962.00738
    2.0 ,            6 ,   144719 ,     122330 ,      5 ,    1 ,-24.0     ,-6.4983     ,0.0      ,       1 ,0        ,       1005.29797 ,         1079.91897
    2.0 ,            6 ,   122330 ,     144719 ,      5 ,    1 ,24.0      ,6.4983      ,-0.0     ,       0 ,0        ,       1079.91897 ,         1005.29797
    2.0 ,            6 ,   207925 ,     202320 ,      5 ,    1 ,227.0     ,7.5132      ,-1.0     ,       1 ,0        ,       1228.88    ,         1046.81449
    2.0 ,            6 ,   202320 ,     207925 ,      5 ,    1 ,-227.0    ,-7.5132     ,1.0      ,       0 ,0        ,       1046.81449 ,         1228.88
    2.0 ,            6 ,   144869 ,     888888 ,      5 ,    1 ,229.0     ,6.7214      ,3.0      ,       1 ,0        ,       1134.18888 ,         1000.0
    2.0 ,            6 ,   888888 ,     144869 ,      5 ,    1 ,-229.0    ,-6.7214     ,-3.0     ,       0 ,0        ,       1000.0     ,         1134.18888
    2.0 ,            6 ,   106218 ,     200116 ,      5 ,    1 ,9.0       ,5.1358      ,5.0      ,       1 ,0        ,       1171.67894 ,          965.8262
    2.0 ,            6 ,   200116 ,     106218 ,      5 ,    1 ,-9.0      ,-5.1358     ,-5.0     ,       0 ,0        ,        965.8262  ,         1171.67894
    2.0 ,            6 ,   200384 ,     210150 ,      5 ,    1 ,-72.0     ,-7.417      ,5.0      ,       1 ,0        ,       1057.78546 ,         1174.10083
    2.0 ,            6 ,   210150 ,     200384 ,      5 ,    1 ,72.0      ,7.417       ,-5.0     ,       0 ,0        ,       1174.10083 ,         1057.78546
    2.0 ,            6 ,   200282 ,     106148 ,      5 ,    1 ,60.0      ,7.7062      ,-6.0     ,       1 ,2        ,       1343.06692 ,         1119.90109
    2.0 ,            6 ,   106148 ,     200282 ,      5 ,    1 ,-60.0     ,-7.7062     ,6.0      ,       0 ,-2       ,       1119.90109 ,         1343.06692
    2.0 ,            6 ,   209070 ,     200443 ,      5 ,    1 ,-30.0     ,-5.3083     ,-4.0     ,       1 ,0        ,       1053.06742 ,          935.3257
    2.0 ,            6 ,   200443 ,     209070 ,      5 ,    1 ,30.0      ,5.3083      ,4.0      ,       0 ,0        ,        935.3257  ,         1053.06742
    2.0 ,            6 ,   111460 ,     200416 ,      5 ,    1 ,148.0     ,6.7912      ,1.0      ,       1 ,0        ,       1093.17728 ,         1007.89727
    2.0 ,            6 ,   200416 ,     111460 ,      5 ,    1 ,-148.0    ,-6.7912     ,-1.0     ,       0 ,0        ,       1007.89727 ,         1093.17728
    2.0 ,            6 ,   106000 ,     207830 ,      5 ,    1 ,-45.0     ,-7.0992     ,9.0      ,       1 ,-1       ,        964.68603 ,         1250.69076
    2.0 ,            6 ,   207830 ,     106000 ,      5 ,    1 ,45.0      ,7.0992      ,-9.0     ,       0 ,1        ,       1250.69076 ,          964.68603
    2.0 ,            6 ,   210506 ,     200175 ,      5 ,    1 ,16.0      ,6.1633      ,-5.0     ,       1 ,0        ,       1183.79635 ,         1113.08677
    2.0 ,            6 ,   200175 ,     210506 ,      5 ,    1 ,-16.0     ,-6.1633     ,5.0      ,       0 ,0        ,       1113.08677 ,         1183.79635
    2.0 ,            6 ,   207411 ,     111153 ,      5 ,    1 ,27.0      ,4.5539      ,-4.0     ,       1 ,0        ,        999.00617 ,         1051.97519
    2.0 ,            6 ,   111153 ,     207411 ,      5 ,    1 ,-27.0     ,-4.5539     ,4.0      ,       0 ,0        ,       1051.97519 ,          999.00617
    2.0 ,            6 ,   105554 ,     777777 ,      5 ,    1 ,29.0      ,3.7612      ,9.0      ,       1 ,0        ,       1012.34174 ,         1000.0
    2.0 ,            6 ,   777777 ,     105554 ,      5 ,    1 ,-29.0     ,-3.7612     ,-9.0     ,       0 ,0        ,       1000.0     ,         1012.34174
    2.0 ,            6 ,   124186 ,     104925 ,      5 ,    1 ,-34.0     ,-8.1077     ,-10.0    ,       1 ,-1       ,       1067.02363 ,         1564.71127
    2.0 ,            6 ,   104925 ,     124186 ,      5 ,    1 ,34.0      ,8.1077      ,10.0     ,       0 ,1        ,       1564.71127 ,         1067.02363
    2.0 ,            6 ,   126203 ,     208659 ,      5 ,    1 ,31.0      ,8.0787      ,6.0      ,       1 ,0        ,       1426.55495 ,         1167.95926
    2.0 ,            6 ,   208659 ,     126203 ,      5 ,    1 ,-31.0     ,-8.0787     ,-6.0     ,       0 ,0        ,       1167.95926 ,         1426.55495
    2.0 ,            6 ,   209113 ,     127157 ,      5 ,    1 ,18.0      ,5.7137      ,-3.0     ,       1 ,-1       ,       1079.97728 ,         1014.48048
    2.0 ,            6 ,   127157 ,     209113 ,      5 ,    1 ,-18.0     ,-5.7137     ,3.0      ,       0 ,1        ,       1014.48048 ,         1079.97728
    2.0 ,            6 ,   208286 ,     122298 ,      5 ,    1 ,48.0      ,6.3026      ,-5.0     ,       1 ,-1       ,       1168.3025  ,         1112.1818
    2.0 ,            6 ,   122298 ,     208286 ,      5 ,    1 ,-48.0     ,-6.3026     ,5.0      ,       0 ,1        ,       1112.1818  ,         1168.3025
    2.0 ,            6 ,   200587 ,     200221 ,      5 ,    1 ,-73.0     ,-7.0926     ,1.0      ,       1 ,0        ,        952.55304 ,         1132.49728
    2.0 ,            6 ,   200221 ,     200587 ,      5 ,    1 ,73.0      ,7.0926      ,-1.0     ,       0 ,0        ,       1132.49728 ,          952.55304
    2.0 ,            6 ,   200615 ,     209259 ,      5 ,    1 ,443.0     ,7.6256      ,3.0      ,       1 ,0        ,       1261.61735 ,          993.36533
    2.0 ,            6 ,   209259 ,     200615 ,      5 ,    1 ,-443.0    ,-7.6256     ,-3.0     ,       0 ,0        ,        993.36533 ,         1261.61735
    2.0 ,            6 ,   209260 ,     126128 ,      5 ,    1 ,19.0      ,5.2417      ,-4.0     ,       1 ,0        ,       1019.35621 ,         1141.84799
    2.0 ,            6 ,   126128 ,     209260 ,      5 ,    1 ,-19.0     ,-5.2417     ,4.0      ,       0 ,0        ,       1141.84799 ,         1019.35621
    2.0 ,            6 ,   200240 ,     111442 ,      5 ,    1 ,-37.0     ,-6.1115     ,-3.0     ,       1 ,0        ,        946.30541 ,         1233.3251
    2.0 ,            6 ,   111442 ,     200240 ,      5 ,    1 ,37.0      ,6.1115      ,3.0      ,       0 ,0        ,       1233.3251  ,          946.30541
    2.0 ,            6 ,   126127 ,     106421 ,      5 ,    1 ,-55.0     ,-7.8204     ,0.0      ,       1 ,1        ,       1079.5083  ,         1380.37665
    2.0 ,            6 ,   106421 ,     126127 ,      5 ,    1 ,55.0      ,7.8204      ,-0.0     ,       0 ,-1       ,       1380.37665 ,         1079.5083
    2.0 ,            6 ,   202103 ,     132686 ,      5 ,    1 ,19.0      ,6.7867      ,-2.0     ,       1 ,1        ,       1199.4188  ,         1094.43224
    2.0 ,            6 ,   132686 ,     202103 ,      5 ,    1 ,-19.0     ,-6.7867     ,2.0      ,       0 ,-1       ,       1094.43224 ,         1199.4188
    2.0 ,            6 ,   126129 ,     105583 ,      5 ,    1 ,-24.0     ,-4.2905     ,-4.0     ,       1 ,0        ,       1034.49853 ,         1089.63113
    2.0 ,            6 ,   105583 ,     126129 ,      5 ,    1 ,24.0      ,4.2905      ,4.0      ,       0 ,0        ,       1089.63113 ,         1034.49853
    2.0 ,            6 ,   208278 ,     206748 ,      5 ,    1 ,207.0     ,5.6131      ,-1.0     ,       1 ,0        ,        897.29541 ,          985.88932
    2.0 ,            6 ,   206748 ,     208278 ,      5 ,    1 ,-207.0    ,-5.6131     ,1.0      ,       0 ,0        ,        985.88932 ,          897.29541
    2.0 ,            6 ,   111456 ,     111575 ,      5 ,    1 ,-71.0     ,-7.3473     ,1.0      ,       1 ,-4       ,       1073.42857 ,         1297.86358
    2.0 ,            6 ,   111575 ,     111456 ,      5 ,    1 ,71.0      ,7.3473      ,-1.0     ,       0 ,4        ,       1297.86358 ,         1073.42857
    2.0 ,            6 ,   126610 ,     111794 ,      5 ,    1 ,73.0      ,6.8967      ,0.0      ,       1 ,0        ,       1308.97504 ,         1044.10049
    2.0 ,            6 ,   111794 ,     126610 ,      5 ,    1 ,-73.0     ,-6.8967     ,-0.0     ,       0 ,0        ,       1044.10049 ,         1308.97504
    2.0 ,            6 ,   210319 ,     211902 ,      5 ,    1 ,314.0     ,6.2879      ,2.0      ,       1 ,0        ,        954.51142 ,          993.98929
    2.0 ,            6 ,   211902 ,     210319 ,      5 ,    1 ,-314.0    ,-6.2879     ,-2.0     ,       0 ,0        ,        993.98929 ,          954.51142
    2.0 ,            6 ,   106426 ,     208210 ,      5 ,    1 ,53.0      ,5.193       ,6.0      ,       1 ,0        ,       1110.96626 ,          998.49091
    2.0 ,            6 ,   208210 ,     106426 ,      5 ,    1 ,-53.0     ,-5.193      ,-6.0     ,       0 ,0        ,        998.49091 ,         1110.96626
    2.0 ,            6 ,   126239 ,     100644 ,      5 ,    1 ,-67.0     ,-8.6371     ,1.0      ,       1 ,0        ,       1119.24267 ,         1451.01193
    2.0 ,            6 ,   100644 ,     126239 ,      5 ,    1 ,67.0      ,8.6371      ,-1.0     ,       0 ,0        ,       1451.01193 ,         1119.24267
    2.0 ,            6 ,   208029 ,     111797 ,      5 ,    1 ,137.0     ,8.0433      ,-7.0     ,       1 ,1        ,       1335.49985 ,         1085.11684
    2.0 ,            6 ,   111797 ,     208029 ,      5 ,    1 ,-137.0    ,-8.0433     ,7.0      ,       0 ,-1       ,       1085.11684 ,         1335.49985
    2.0 ,            6 ,   210530 ,     210460 ,      5 ,    1 ,32.0      ,5.7746      ,-1.0     ,       1 ,0        ,       1073.44953 ,          991.23862
    2.0 ,            6 ,   210460 ,     210530 ,      5 ,    1 ,-32.0     ,-5.7746     ,1.0      ,       0 ,0        ,        991.23862 ,         1073.44953
    2.0 ,            6 ,   207985 ,     211663 ,      5 ,    1 ,6.0       ,4.0604      ,5.0      ,       1 ,0        ,       1015.10063 ,         1129.01874
    2.0 ,            6 ,   211663 ,     207985 ,      5 ,    1 ,-6.0      ,-4.0604     ,-5.0     ,       0 ,0        ,       1129.01874 ,         1015.10063
    2.0 ,            6 ,   202385 ,     134868 ,      5 ,    1 ,-115.0    ,-7.0309     ,-4.0     ,       1 ,0        ,       1179.58486 ,         1214.25226
    2.0 ,            6 ,   134868 ,     202385 ,      5 ,    1 ,115.0     ,7.0309      ,4.0      ,       0 ,0        ,       1214.25226 ,         1179.58486
    2.0 ,            6 ,   208103 ,     106198 ,      5 ,    1 ,56.0      ,7.1025      ,-9.0     ,       1 ,0        ,       1235.17352 ,          920.75961
    2.0 ,            6 ,   106198 ,     208103 ,      5 ,    1 ,-56.0     ,-7.1025     ,9.0      ,       0 ,0        ,        920.75961 ,         1235.17352
    2.0 ,            6 ,   208233 ,     666666 ,      5 ,    1 ,178.0     ,6.4102      ,-2.0     ,       1 ,0        ,       1040.82691 ,         1000.0
    2.0 ,            6 ,   666666 ,     208233 ,      5 ,    1 ,-178.0    ,-6.4102     ,2.0      ,       0 ,0        ,       1000.0     ,         1040.82691
    2.0 ,            6 ,   111815 ,     105138 ,      5 ,    1 ,-18.0     ,-5.6525     ,-8.0     ,       1 ,3        ,       1154.66933 ,         1210.34617
    2.0 ,            6 ,   105138 ,     111815 ,      5 ,    1 ,18.0      ,5.6525      ,8.0      ,       0 ,-3       ,       1210.34617 ,         1154.66933
    2.0 ,            6 ,   209284 ,     126207 ,      5 ,    1 ,-102.0    ,-7.816      ,-6.0     ,       1 ,0        ,       1019.1096  ,         1230.48504
    2.0 ,            6 ,   126207 ,     209284 ,      5 ,    1 ,102.0     ,7.816       ,6.0      ,       0 ,0        ,       1230.48504 ,         1019.1096
    2.0 ,            6 ,   126094 ,     111513 ,      5 ,    1 ,48.0      ,7.5934      ,-3.0     ,       1 ,4        ,       1208.68789 ,         1076.58622
    2.0 ,            6 ,   111513 ,     126094 ,      5 ,    1 ,-48.0     ,-7.5934     ,3.0      ,       0 ,-4       ,       1076.58622 ,         1208.68789
    2.0 ,            6 ,   200267 ,     144750 ,      5 ,    1 ,269.0     ,6.8255      ,-2.0     ,       1 ,-1       ,       1112.49531 ,         1019.65845
    2.0 ,            6 ,   144750 ,     200267 ,      5 ,    1 ,-269.0    ,-6.8255     ,2.0      ,       0 ,1        ,       1019.65845 ,         1112.49531
    2.0 ,            6 ,   105173 ,     106331 ,      5 ,    1 ,-46.0     ,-5.7004     ,5.0      ,       1 ,1        ,       1062.73001 ,         1092.81592
    2.0 ,            6 ,   106331 ,     105173 ,      5 ,    1 ,46.0      ,5.7004      ,-5.0     ,       0 ,-1       ,       1092.81592 ,         1062.73001
    2.0 ,            6 ,   555555 ,     126774 ,      5 ,    1 ,-86.0     ,-7.2499     ,-2.0     ,       1 ,0        ,       1000.0     ,         1306.73932
    2.0 ,            6 ,   126774 ,     555555 ,      5 ,    1 ,86.0      ,7.2499      ,2.0      ,       0 ,0        ,       1306.73932 ,         1000.0
    2.0 ,            6 ,   200000 ,     105902 ,      5 ,    1 ,79.0      ,7.1293      ,-9.0     ,       1 ,2        ,       1237.43505 ,         1002.71092
    2.0 ,            6 ,   105902 ,     200000 ,      5 ,    1 ,-79.0     ,-7.1293     ,9.0      ,       0 ,-2       ,       1002.71092 ,         1237.43505
    2.0 ,            6 ,   105526 ,     209209 ,      5 ,    1 ,-17.0     ,-3.7842     ,12.0     ,       1 ,0        ,       1220.48779 ,         1028.47499
    2.0 ,            6 ,   209209 ,     105526 ,      5 ,    1 ,17.0      ,3.7842      ,-12.0    ,       0 ,0        ,       1028.47499 ,         1220.48779
    2.0 ,            6 ,   444444 ,     209857 ,      5 ,    1 ,-213.0    ,-3.7136     ,-2.0     ,       1 ,0        ,       1000.0     ,         1011.72896
    2.0 ,            6 ,   209857 ,     444444 ,      5 ,    1 ,213.0     ,3.7136      ,2.0      ,       0 ,0        ,       1011.72896 ,         1000.0
    2.0 ,            6 ,   104926 ,     207989 ,      5 ,    1 ,-128.0    ,-9.0869     ,16.0     ,       1 ,-2       ,       1058.75947 ,         1504.21432
    2.0 ,            6 ,   207989 ,     104926 ,      5 ,    1 ,128.0     ,9.0869      ,-16.0    ,       0 ,2        ,       1504.21432 ,         1058.75947
    2.0 ,            6 ,   206173 ,     126846 ,      5 ,    2 ,79.0      ,9.1771      ,-6.0     ,       1 ,2        ,       1676.93537 ,         1108.38498
    2.0 ,            6 ,   126846 ,     206173 ,      5 ,    2 ,-79.0     ,-9.1771     ,6.0      ,       0 ,-2       ,       1108.38498 ,         1676.93537
    2.0 ,            6 ,   124079 ,     208363 ,      5 ,    2 ,39.0      ,5.8889      ,4.0      ,       1 ,0        ,       1026.86215 ,         1051.77654
    2.0 ,            6 ,   208363 ,     124079 ,      5 ,    2 ,-39.0     ,-5.8889     ,-4.0     ,       0 ,0        ,       1051.77654 ,         1026.86215
    2.0 ,            6 ,   105777 ,     144895 ,      5 ,    2 ,62.0      ,7.2563      ,8.0      ,       1 ,-2       ,       1356.95073 ,         1051.76762
    2.0 ,            6 ,   144895 ,     105777 ,      5 ,    2 ,-62.0     ,-7.2563     ,-8.0     ,       0 ,2        ,       1051.76762 ,         1356.95073
    2.0 ,            6 ,   124116 ,     126205 ,      5 ,    2 ,-102.0    ,-7.8091     ,1.0      ,       1 ,-1       ,       1083.363   ,         1281.37216
    2.0 ,            6 ,   126205 ,     124116 ,      5 ,    2 ,102.0     ,7.8091      ,-1.0     ,       0 ,1        ,       1281.37216 ,         1083.363
    2.0 ,            6 ,   210097 ,     208014 ,      5 ,    2 ,78.0      ,7.8116      ,-2.0     ,       1 ,1        ,       1262.85685 ,         1098.6349
    2.0 ,            6 ,   208014 ,     210097 ,      5 ,    2 ,-78.0     ,-7.8116     ,2.0      ,       0 ,-1       ,       1098.6349  ,         1262.85685
    2.0 ,            6 ,   105916 ,     104792 ,      5 ,    2 ,-61.0     ,-6.5539     ,-5.0     ,       1 ,-2       ,       1102.0844  ,         1257.65755
    2.0 ,            6 ,   104792 ,     105916 ,      5 ,    2 ,61.0      ,6.5539      ,5.0      ,       0 ,2        ,       1257.65755 ,         1102.0844
    2.0 ,            6 ,   206909 ,     124187 ,      5 ,    2 ,40.0      ,6.6758      ,-4.0     ,       1 ,-1       ,       1207.83381 ,         1093.52789
    2.0 ,            6 ,   124187 ,     206909 ,      5 ,    2 ,-40.0     ,-6.6758     ,4.0      ,       0 ,1        ,       1093.52789 ,         1207.83381
    2.0 ,            6 ,   132283 ,     105932 ,      5 ,    2 ,80.0      ,6.5482      ,-3.0     ,       1 ,1        ,       1074.25151 ,          983.91393
    2.0 ,            6 ,   105932 ,     132283 ,      5 ,    2 ,-80.0     ,-6.5482     ,3.0      ,       0 ,-1       ,        983.91393 ,         1074.25151
    2.0 ,            6 ,   207733 ,     105227 ,      5 ,    2 ,81.0      ,8.2761      ,-13.0    ,       1 ,0        ,       1344.70632 ,         1121.15773
    2.0 ,            6 ,   105227 ,     207733 ,      5 ,    2 ,-81.0     ,-8.2761     ,13.0     ,       0 ,0        ,       1121.15773 ,         1344.70632
    2.0 ,            6 ,   206681 ,     144719 ,      5 ,    2 ,-4.0      ,-3.1355     ,-3.0     ,       1 ,-1       ,       1070.05536 ,         1024.68251
    2.0 ,            6 ,   144719 ,     206681 ,      5 ,    2 ,4.0       ,3.1355      ,3.0      ,       0 ,1        ,       1024.68251 ,         1070.05536
    2.0 ,            6 ,   207925 ,     888888 ,      5 ,    2 ,258.0     ,7.531       ,1.0      ,       1 ,0        ,       1237.18717 ,          997.11133
    2.0 ,            6 ,   888888 ,     207925 ,      5 ,    2 ,-258.0    ,-7.531      ,-1.0     ,       0 ,0        ,        997.11133 ,         1237.18717
    2.0 ,            6 ,   106218 ,     210150 ,      5 ,    2 ,-29.0     ,-7.075      ,12.0     ,       1 ,0        ,       1179.17197 ,         1152.93585
    2.0 ,            6 ,   210150 ,     106218 ,      5 ,    2 ,29.0      ,7.075       ,-12.0    ,       0 ,0        ,       1152.93585 ,         1179.17197
    2.0 ,            6 ,   200282 ,     209070 ,      5 ,    2 ,105.0     ,7.8559      ,4.0      ,       1 ,0        ,       1350.00325 ,         1063.84367
    2.0 ,            6 ,   209070 ,     200282 ,      5 ,    2 ,-105.0    ,-7.8559     ,-4.0     ,       0 ,0        ,       1063.84367 ,         1350.00325
    2.0 ,            6 ,   200416 ,     207830 ,      5 ,    2 ,-172.0    ,-7.5099     ,3.0      ,       1 ,0        ,        995.74754 ,         1223.86194
    2.0 ,            6 ,   207830 ,     200416 ,      5 ,    2 ,172.0     ,7.5099      ,-3.0     ,       0 ,0        ,       1223.86194 ,          995.74754
    2.0 ,            6 ,   200175 ,     207411 ,      5 ,    2 ,55.0      ,6.3953      ,0.0      ,       1 ,0        ,       1100.29884 ,         1017.42676
    2.0 ,            6 ,   207411 ,     200175 ,      5 ,    2 ,-55.0     ,-6.3953     ,-0.0     ,       0 ,0        ,       1017.42676 ,         1100.29884
    2.0 ,            6 ,   105554 ,     104925 ,      5 ,    2 ,-164.0    ,-8.3678     ,-3.0     ,       1 ,1        ,       1027.77362 ,         1534.43656
    2.0 ,            6 ,   104925 ,     105554 ,      5 ,    2 ,164.0     ,8.3678      ,3.0      ,       0 ,-1       ,       1534.43656 ,         1027.77362
    2.0 ,            6 ,   126203 ,     209113 ,      5 ,    2 ,36.0      ,8.117       ,4.0      ,       1 ,0        ,       1432.44719 ,         1092.99627
    2.0 ,            6 ,   209113 ,     126203 ,      5 ,    2 ,-36.0     ,-8.117      ,-4.0     ,       0 ,0        ,       1092.99627 ,         1432.44719
    2.0 ,            6 ,   122298 ,     200221 ,      5 ,    2 ,-64.0     ,-7.004      ,3.0      ,       1 ,-2       ,       1098.74401 ,         1108.87978
    2.0 ,            6 ,   200221 ,     122298 ,      5 ,    2 ,64.0      ,7.004       ,-3.0     ,       0 ,2        ,       1108.87978 ,         1098.74401
    2.0 ,            6 ,   209259 ,     209260 ,      5 ,    2 ,-409.0    ,-6.8178     ,-1.0     ,       1 ,0        ,        987.73563 ,         1040.77451
    2.0 ,            6 ,   209260 ,     209259 ,      5 ,    2 ,409.0     ,6.8178      ,1.0      ,       0 ,0        ,       1040.77451 ,          987.73563
    2.0 ,            6 ,   111442 ,     126127 ,      5 ,    2 ,19.0      ,5.6021      ,2.0      ,       1 ,0        ,       1206.471   ,         1106.69742
    2.0 ,            6 ,   126127 ,     111442 ,      5 ,    2 ,-19.0     ,-5.6021     ,-2.0     ,       0 ,0        ,       1106.69742 ,         1206.471
    2.0 ,            6 ,   132686 ,     126129 ,      5 ,    2 ,105.0     ,6.8824      ,-2.0     ,       1 ,0        ,       1083.12508 ,         1053.01638
    2.0 ,            6 ,   126129 ,     132686 ,      5 ,    2 ,-105.0    ,-6.8824     ,2.0      ,       0 ,0        ,       1053.01638 ,         1083.12508
    2.0 ,            6 ,   208278 ,     111575 ,      5 ,    2 ,-127.0    ,-7.511      ,-7.0     ,       1 ,0        ,        917.28912 ,         1272.7603
    2.0 ,            6 ,   111575 ,     208278 ,      5 ,    2 ,127.0     ,7.511       ,7.0      ,       0 ,0        ,       1272.7603  ,          917.28912
    2.0 ,            6 ,   111794 ,     210319 ,      5 ,    2 ,-13.0     ,-4.8203     ,8.0      ,       1 ,0        ,       1038.38003 ,          972.32166
    2.0 ,            6 ,   210319 ,     111794 ,      5 ,    2 ,13.0      ,4.8203      ,-8.0     ,       0 ,0        ,        972.32166 ,         1038.38003
    2.0 ,            6 ,   106426 ,     126239 ,      5 ,    2 ,-40.0     ,-5.8289     ,0.0      ,       1 ,0        ,       1121.96025 ,         1147.11463
    2.0 ,            6 ,   126239 ,     106426 ,      5 ,    2 ,40.0      ,5.8289      ,-0.0     ,       0 ,0        ,       1147.11463 ,         1121.96025
    2.0 ,            6 ,   111797 ,     210530 ,      5 ,    2 ,-78.0     ,-6.1862     ,10.0     ,       1 ,0        ,       1078.99393 ,         1085.73269
    2.0 ,            6 ,   210530 ,     111797 ,      5 ,    2 ,78.0      ,6.1862      ,-10.0    ,       0 ,0        ,       1085.73269 ,         1078.99393
    2.0 ,            6 ,   211663 ,     202385 ,      5 ,    2 ,92.0      ,6.375       ,-6.0     ,       1 ,0        ,       1107.95287 ,         1197.17608
    2.0 ,            6 ,   202385 ,     211663 ,      5 ,    2 ,-92.0     ,-6.375      ,6.0      ,       0 ,0        ,       1197.17608 ,         1107.95287
    2.0 ,            6 ,   208103 ,     208233 ,      5 ,    2 ,49.0      ,7.03        ,-1.0     ,       1 ,0        ,       1239.67428 ,         1054.95537
    2.0 ,            6 ,   208233 ,     208103 ,      5 ,    2 ,-49.0     ,-7.03       ,1.0      ,       0 ,0        ,       1054.95537 ,         1239.67428
    2.0 ,            6 ,   111815 ,     126207 ,      5 ,    2 ,-49.0     ,-7.6202     ,2.0      ,       1 ,-1       ,       1173.21162 ,         1205.79718
    2.0 ,            6 ,   126207 ,     111815 ,      5 ,    2 ,49.0      ,7.6202      ,-2.0     ,       0 ,1        ,       1205.79718 ,         1173.21162
    2.0 ,            6 ,   126094 ,     144750 ,      5 ,    2 ,305.0     ,7.9237      ,-1.0     ,       1 ,2        ,       1218.88153 ,         1007.83482
    2.0 ,            6 ,   144750 ,     126094 ,      5 ,    2 ,-305.0    ,-7.9237     ,1.0      ,       0 ,-2       ,       1007.83482 ,         1218.88153
    2.0 ,            6 ,   105173 ,     555555 ,      5 ,    2 ,-13.0     ,-3.6109     ,12.0     ,       1 ,0        ,       1080.11206 ,         1007.80733
    2.0 ,            6 ,   555555 ,     105173 ,      5 ,    2 ,13.0      ,3.6109      ,-12.0    ,       0 ,0        ,       1007.80733 ,         1080.11206
    2.0 ,            6 ,   200000 ,     105526 ,      5 ,    2 ,100.0     ,7.1709      ,-11.0    ,       1 ,0        ,       1244.01673 ,         1228.44764
    2.0 ,            6 ,   105526 ,     200000 ,      5 ,    2 ,-100.0    ,-7.1709     ,11.0     ,       0 ,0        ,       1228.44764 ,         1244.01673
    2.0 ,            6 ,   444444 ,     207989 ,      5 ,    2 ,-717.0    ,-9.1339     ,-1.0     ,       1 ,0        ,       1004.7257  ,         1474.50153
    2.0 ,            6 ,   207989 ,     444444 ,      5 ,    2 ,717.0     ,9.1339      ,1.0      ,       0 ,0        ,       1474.50153 ,         1004.7257
    2.0 ,            6 ,   206173 ,     124079 ,      5 ,    3 ,51.0      ,9.1486      ,-5.0     ,       1 ,1        ,       1678.10384 ,         1044.00754
    2.0 ,            6 ,   124079 ,     206173 ,      5 ,    3 ,-51.0     ,-9.1486     ,5.0      ,       0 ,-1       ,       1044.00754 ,         1678.10384
    2.0 ,            6 ,   105777 ,     124116 ,      5 ,    3 ,94.0      ,7.4073      ,5.0      ,       1 ,0        ,       1361.66096 ,         1107.60776
    2.0 ,            6 ,   124116 ,     105777 ,      5 ,    3 ,-94.0     ,-7.4073     ,-5.0     ,       0 ,0        ,       1107.60776 ,         1361.66096
    2.0 ,            6 ,   210097 ,     105916 ,      5 ,    3 ,93.0      ,7.866       ,-11.0    ,       1 ,0        ,       1271.8112  ,         1124.8055
    2.0 ,            6 ,   105916 ,     210097 ,      5 ,    3 ,-93.0     ,-7.866      ,11.0     ,       0 ,0        ,       1124.8055  ,         1271.8112
    2.0 ,            6 ,   206909 ,     132283 ,      5 ,    3 ,16.0      ,6.1738      ,-7.0     ,       1 ,0        ,       1218.75187 ,         1086.1826
    2.0 ,            6 ,   132283 ,     206909 ,      5 ,    3 ,-16.0     ,-6.1738     ,7.0      ,       0 ,0        ,       1086.1826  ,         1218.75187
    2.0 ,            6 ,   105227 ,     144719 ,      5 ,    3 ,-31.0     ,-5.6733     ,8.0      ,       1 ,2        ,       1114.23336 ,         1010.76021
    2.0 ,            6 ,   144719 ,     105227 ,      5 ,    3 ,31.0      ,5.6733      ,-8.0     ,       0 ,-2       ,       1010.76021 ,         1114.23336
    2.0 ,            6 ,   207925 ,     210150 ,      5 ,    3 ,-7.0      ,-5.6937     ,4.0      ,       1 ,0        ,       1243.60925 ,         1138.14178
    2.0 ,            6 ,   210150 ,     207925 ,      5 ,    3 ,7.0       ,5.6937      ,-4.0     ,       0 ,0        ,       1138.14178 ,         1243.60925
    2.0 ,            6 ,   200282 ,     200416 ,      5 ,    3 ,184.0     ,7.9377      ,-1.0     ,       1 ,0        ,       1355.17057 ,         1020.96472
    2.0 ,            6 ,   200416 ,     200282 ,      5 ,    3 ,-184.0    ,-7.9377     ,1.0      ,       0 ,0        ,       1020.96472 ,         1355.17057
    2.0 ,            6 ,   200175 ,     104925 ,      5 ,    3 ,-43.0     ,-8.1562     ,-13.0    ,       1 ,-3       ,       1112.55321 ,         1504.07943
    2.0 ,            6 ,   104925 ,     200175 ,      5 ,    3 ,43.0      ,8.1562      ,13.0     ,       0 ,3        ,       1504.07943 ,         1112.55321
    2.0 ,            6 ,   126203 ,     200221 ,      5 ,    3 ,23.0      ,7.9607      ,1.0      ,       1 ,-1       ,       1436.41883 ,         1092.41314
    2.0 ,            6 ,   200221 ,     126203 ,      5 ,    3 ,-23.0     ,-7.9607     ,-1.0     ,       0 ,1        ,       1092.41314 ,         1436.41883
    2.0 ,            6 ,   209260 ,     111442 ,      5 ,    3 ,-11.0     ,-5.2832     ,-8.0     ,       1 ,0        ,       1022.35078 ,         1217.99853
    2.0 ,            6 ,   111442 ,     209260 ,      5 ,    3 ,11.0      ,5.2832      ,8.0      ,       0 ,0        ,       1217.99853 ,         1022.35078
    2.0 ,            6 ,   132686 ,     111575 ,      5 ,    3 ,-18.0     ,-6.7346     ,-1.0     ,       1 ,-1       ,       1097.74198 ,         1244.4221
    2.0 ,            6 ,   111575 ,     132686 ,      5 ,    3 ,18.0      ,6.7346      ,1.0      ,       0 ,1        ,       1244.4221  ,         1097.74198
    2.0 ,            6 ,   111794 ,     126239 ,      5 ,    3 ,-38.0     ,-5.823      ,0.0      ,       1 ,0        ,       1051.37406 ,         1129.95825
    2.0 ,            6 ,   126239 ,     111794 ,      5 ,    3 ,38.0      ,5.823       ,-0.0     ,       0 ,0        ,       1129.95825 ,         1051.37406
    2.0 ,            6 ,   111797 ,     211663 ,      5 ,    3 ,-88.0     ,-6.3526     ,11.0     ,       1 ,0        ,       1095.30422 ,         1127.97375
    2.0 ,            6 ,   211663 ,     111797 ,      5 ,    3 ,88.0      ,6.3526      ,-11.0    ,       0 ,0        ,       1127.97375 ,         1095.30422
    2.0 ,            6 ,   208233 ,     111815 ,      5 ,    3 ,-13.0     ,-4.7622     ,-5.0     ,       1 ,0        ,       1046.7418  ,         1190.70786
    2.0 ,            6 ,   111815 ,     208233 ,      5 ,    3 ,13.0      ,4.7622      ,5.0      ,       0 ,0        ,       1190.70786 ,         1046.7418
    2.0 ,            6 ,   126094 ,     105173 ,      5 ,    3 ,111.0     ,7.8014      ,-9.0     ,       1 ,2        ,       1226.20436 ,         1092.82956
    2.0 ,            6 ,   105173 ,     126094 ,      5 ,    3 ,-111.0    ,-7.8014     ,9.0      ,       0 ,-2       ,       1092.82956 ,         1226.20436
    2.0 ,            6 ,   105526 ,     207989 ,      5 ,    3 ,-125.0    ,-9.0855     ,13.0     ,       1 ,-2       ,       1213.16414 ,         1444.50867
    2.0 ,            6 ,   207989 ,     105526 ,      5 ,    3 ,125.0     ,9.0855      ,-13.0    ,       0 ,2        ,       1444.50867 ,         1213.16414
    2.0 ,            6 ,   206173 ,     105777 ,      5 ,    4 ,20.0      ,9.0211      ,-11.0    ,       1 ,3        ,       1678.91437 ,         1367.67994
    2.0 ,            6 ,   105777 ,     206173 ,      5 ,    4 ,-20.0     ,-9.0211     ,11.0     ,       0 ,-3       ,       1367.67994 ,         1678.91437
    2.0 ,            6 ,   210097 ,     132283 ,      5 ,    4 ,38.0      ,7.6009      ,-8.0     ,       1 ,0        ,       1281.41836 ,         1076.00765
    2.0 ,            6 ,   132283 ,     210097 ,      5 ,    4 ,-38.0     ,-7.6009     ,8.0      ,       0 ,0        ,       1076.00765 ,         1281.41836
    2.0 ,            6 ,   105227 ,     207925 ,      5 ,    4 ,-61.0     ,-7.1997     ,13.0     ,       1 ,-1       ,       1125.6043  ,         1254.89618
    2.0 ,            6 ,   207925 ,     105227 ,      5 ,    4 ,61.0      ,7.1997      ,-13.0    ,       0 ,1        ,       1254.89618 ,         1125.6043
    2.0 ,            6 ,   200282 ,     104925 ,      5 ,    4 ,-5.0      ,-7.3434     ,-12.0    ,       1 ,-2       ,       1359.24844 ,         1475.12012
    2.0 ,            6 ,   104925 ,     200282 ,      5 ,    4 ,5.0       ,7.3434      ,12.0     ,       0 ,2        ,       1475.12012 ,         1359.24844
    2.0 ,            6 ,   126203 ,     111442 ,      5 ,    4 ,40.0      ,8.1421      ,-4.0     ,       1 ,0        ,       1440.30016 ,         1193.83392
    2.0 ,            6 ,   111442 ,     126203 ,      5 ,    4 ,-40.0     ,-8.1421     ,4.0      ,       0 ,0        ,       1193.83392 ,         1440.30016
    2.0 ,            6 ,   111575 ,     111794 ,      5 ,    4 ,89.0      ,7.4466      ,0.0      ,       1 ,3        ,       1222.04186 ,         1070.93252
    2.0 ,            6 ,   111794 ,     111575 ,      5 ,    4 ,-89.0     ,-7.4466     ,-0.0     ,       0 ,-3       ,       1070.93252 ,         1222.04186
    2.0 ,            6 ,   111797 ,     111815 ,      5 ,    4 ,-84.0     ,-6.2823     ,0.0      ,       1 ,1        ,       1112.80429 ,         1168.43306
    2.0 ,            6 ,   111815 ,     111797 ,      5 ,    4 ,84.0      ,6.2823      ,-0.0     ,       0 ,-1       ,       1168.43306 ,         1112.80429
    2.0 ,            6 ,   126094 ,     207989 ,      5 ,    4 ,-12.0     ,-8.7611     ,5.0      ,       1 ,-1       ,       1236.34715 ,         1419.19264
    2.0 ,            6 ,   207989 ,     126094 ,      5 ,    4 ,12.0      ,8.7611      ,-5.0     ,       0 ,1        ,       1419.19264 ,         1236.34715
    2.0 ,            6 ,   206173 ,     210097 ,      5 ,    5 ,9.0       ,8.8903      ,1.0      ,       1 ,3        ,       1683.48639 ,         1288.92601
    2.0 ,            6 ,   210097 ,     206173 ,      5 ,    5 ,-9.0      ,-8.8903     ,-1.0     ,       0 ,-3       ,       1288.92601 ,         1683.48639
    2.0 ,            6 ,   207925 ,     104925 ,      5 ,    5 ,-18.0     ,-7.8521     ,-15.0    ,       1 ,-1       ,       1233.2025  ,         1453.97345
    2.0 ,            6 ,   104925 ,     207925 ,      5 ,    5 ,18.0      ,7.8521      ,15.0     ,       0 ,1        ,       1453.97345 ,         1233.2025
    2.0 ,            6 ,   126203 ,     111575 ,      5 ,    5 ,14.0      ,7.7816      ,-2.0     ,       1 ,-2       ,       1446.53548 ,         1231.49096
    2.0 ,            6 ,   111575 ,     126203 ,      5 ,    5 ,-14.0     ,-7.7816     ,2.0      ,       0 ,2        ,       1231.49096 ,         1446.53548
    2.0 ,            6 ,   111815 ,     207989 ,      5 ,    5 ,-59.0     ,-9.0299     ,7.0      ,       1 ,-2       ,       1149.89293 ,         1395.47222
    2.0 ,            6 ,   207989 ,     111815 ,      5 ,    5 ,59.0      ,9.0299      ,-7.0     ,       0 ,2        ,       1395.47222 ,         1149.89293
    2.0 ,            6 ,   206173 ,     104925 ,      5 ,    6 ,5.0       ,8.6658      ,-15.0    ,       1 ,0        ,       1686.47936 ,         1428.98497
    2.0 ,            6 ,   104925 ,     206173 ,      5 ,    6 ,-5.0      ,-8.6658     ,15.0     ,       0 ,0        ,       1428.98497 ,         1686.47936
    2.0 ,            6 ,   126203 ,     207989 ,      5 ,    6 ,-3.0      ,-8.4481     ,5.0      ,       1 ,-2       ,       1453.72916 ,         1369.73322
    2.0 ,            6 ,   207989 ,     126203 ,      5 ,    6 ,3.0       ,8.4481      ,-5.0     ,       0 ,2        ,       1369.73322 ,         1453.72916
    2.0 ,            6 ,   206173 ,     207989 ,      5 ,    7 ,1.0       ,7.0309      ,1.0      ,       1 ,-2       ,       1692.40214 ,         1357.52774
    2.0 ,            6 ,   207989 ,     206173 ,      5 ,    7 ,-1.0      ,-7.0309     ,-1.0     ,       0 ,2        ,       1357.52774 ,         1692.40214